Var1,Var2
T10.jpg,Insulator
T10.jpg,Insulator
T10.jpg,Insulator
T10.jpg,Pole
T0.jpg,Insulator
T0.jpg,Insulator
T0.jpg,Pole
T0.jpg,Pole
100.jpg,Light
100.jpg,Pole
T1.jpg,Insulator
T1.jpg,Insulator
T1.jpg,Insulator
T1.jpg,Pole
T100.jpg,Light
T100.jpg,Pole
T103.jpg,Light
T103.jpg,Pole
T103.jpg,Pole
T103.jpg,Insulator
T103.jpg,Insulator
T103.jpg,Insulator
T102.jpg,Pole
T102.jpg,Pole
T101.jpg,Light
T101.jpg,Pole
T101.jpg,Insulator
T101.jpg,Insulator
T101.jpg,Insulator
T105.jpg,Pole
T104.jpg,Pole
T107.jpg,Insulator
T107.jpg,Insulator
T107.jpg,Insulator
T107.jpg,Insulator
T107.jpg,Insulator
T107.jpg,Light
T107.jpg,Pole
T107.jpg,Pole
T110.jpg,Light
T110.jpg,Insulator
T110.jpg,Insulator
T110.jpg,Insulator
T110.jpg,Insulator
T110.jpg,Insulator
T110.jpg,Pole
T110.jpg,Pole
T110.jpg,Insulator
T106.jpg,Insulator
T106.jpg,Insulator
T106.jpg,Pole
T108.jpg,Pole
T11.jpg,Insulator
T11.jpg,Insulator
T11.jpg,Pole
T112.jpg,Pole
T113.jpg,Insulator
T113.jpg,Insulator
T113.jpg,Insulator
T113.jpg,Insulator
T113.jpg,Insulator
T113.jpg,Pole
T111.jpg,Light
T111.jpg,Pole
T111.jpg,Insulator
T111.jpg,Insulator
T111.jpg,Pole
T111.jpg,Insulator
T114.jpg,Light
T114.jpg,Insulator
T114.jpg,Insulator
T114.jpg,Pole
T114.jpg,Pole
T118.jpg,Insulator
T118.jpg,Insulator
T118.jpg,Insulator
T118.jpg,Insulator
T118.jpg,Insulator
T118.jpg,Insulator
T118.jpg,Pole
T115.jpg,Pole
T116.jpg,Insulator
T116.jpg,Insulator
T116.jpg,Insulator
T116.jpg,Insulator
T116.jpg,Insulator
T116.jpg,Insulator
T116.jpg,Pole
T119.jpg,Pole
T117.jpg,Insulator
T117.jpg,Insulator
T117.jpg,Pole
T122.jpg,Pole
T121.jpg,Pole
T121.jpg,Pole
T12.jpg,Pole
T123.jpg,Insulator
T123.jpg,Pole
T120.jpg,Pole
T125.jpg,Insulator
T125.jpg,Pole
T124.jpg,Pole
T124.jpg,Pole
T127.jpg,Pole
T126.jpg,Insulator
T126.jpg,Pole
T128.jpg,Insulator
T128.jpg,Pole
T13.jpg,Pole
T13.jpg,Insulator
T132.jpg,Insulator
T132.jpg,Insulator
T132.jpg,Pole
T130.jpg,Pole
T129.jpg,Pole
T131.jpg,Pole
T133.jpg,Insulator
T133.jpg,Insulator
T133.jpg,Insulator
T133.jpg,Insulator
T133.jpg,Insulator
T133.jpg,Insulator
T133.jpg,Pole
T135.jpg,Pole
T137.jpg,Pole
T136.jpg,Insulator
T136.jpg,Pole
T134.jpg,Pole
T141.jpg,Insulator
T141.jpg,Insulator
T141.jpg,Pole
T140.jpg,Pole
T139.jpg,Pole
T138.jpg,Insulator
T138.jpg,Pole
T14.jpg,Insulator
T14.jpg,Pole
T145.jpg,Pole
T143.jpg,Pole
T142.jpg,Pole
T146.jpg,Pole
T144.jpg,Pole
T149.jpg,Pole
T149.jpg,Insulator
T149.jpg,Insulator
T147.jpg,Insulator
T147.jpg,Insulator
T147.jpg,Insulator
T147.jpg,Insulator
T147.jpg,Insulator
T147.jpg,Insulator
T147.jpg,Pole
T15.jpg,Insulator
T15.jpg,Insulator
T15.jpg,Insulator
T15.jpg,Insulator
T15.jpg,Insulator
T15.jpg,Insulator
T15.jpg,Pole
T15.jpg,Insulator
T148.jpg,Pole
T148.jpg,Insulator
T150.jpg,Pole
T154.jpg,Insulator
T154.jpg,Insulator
T154.jpg,Insulator
T154.jpg,Pole
T154.jpg,Light
T155.jpg,Pole
T155.jpg,Pole
T153.jpg,Pole
T153.jpg,Insulator
T153.jpg,Insulator
T153.jpg,Insulator
T151.jpg,Pole
T152.jpg,Pole
T157.jpg,Pole
T158.jpg,Insulator
T158.jpg,Insulator
T158.jpg,Insulator
T158.jpg,Pole
T156.jpg,Pole
T156.jpg,Pole
T159.jpg,Insulator
T159.jpg,Insulator
T159.jpg,Pole
T16.jpg,Light
T16.jpg,Insulator
T16.jpg,Insulator
T16.jpg,Insulator
T16.jpg,Insulator
T16.jpg,Insulator
T16.jpg,Insulator
T16.jpg,Insulator
T16.jpg,Insulator
T16.jpg,Insulator
T16.jpg,Pole
T164.jpg,Insulator
T164.jpg,Insulator
T164.jpg,Insulator
T164.jpg,Pole
T160.jpg,Light
T160.jpg,Pole
T160.jpg,Pole
T162.jpg,Insulator
T162.jpg,Insulator
T162.jpg,Insulator
T162.jpg,Insulator
T162.jpg,Insulator
T161.jpg,Pole
T161.jpg,Insulator
T161.jpg,Insulator
T163.jpg,Pole
T163.jpg,Insulator
T163.jpg,Insulator
T163.jpg,Insulator
T165.jpg,Insulator
T165.jpg,Insulator
T165.jpg,Insulator
T165.jpg,Pole
T167.jpg,Insulator
T167.jpg,Insulator
T167.jpg,Insulator
T167.jpg,Pole
T168.jpg,Insulator
T168.jpg,Pole
T169.jpg,Pole
T166.jpg,Insulator
T166.jpg,Insulator
T166.jpg,Insulator
T166.jpg,Pole
T172.jpg,Insulator
T172.jpg,Insulator
T172.jpg,Insulator
T172.jpg,Pole
T172.jpg,Pole
T173.jpg,Pole
T173.jpg,Pole
T170.jpg,Insulator
T170.jpg,Insulator
T170.jpg,Insulator
T170.jpg,Pole
T170.jpg,Pole
T17.jpg,Pole
T17.jpg,Insulator
T171.jpg,Pole
T178.jpg,Light
T178.jpg,Insulator
T178.jpg,Insulator
T178.jpg,Insulator
T178.jpg,Insulator
T178.jpg,Insulator
T178.jpg,Insulator
T178.jpg,Pole
T176.jpg,Insulator
T176.jpg,Pole
T176.jpg,Pole
T177.jpg,Insulator
T177.jpg,Insulator
T177.jpg,Insulator
T177.jpg,Insulator
T177.jpg,Light
T177.jpg,Pole
T174.jpg,Insulator
T174.jpg,Insulator
T174.jpg,Insulator
T174.jpg,Pole
T174.jpg,Pole
T175.jpg,Insulator
T175.jpg,Insulator
T175.jpg,Insulator
T175.jpg,Pole
T179.jpg,Pole
T179.jpg,Insulator
T179.jpg,Insulator
T182.jpg,Light
T182.jpg,Pole
T182.jpg,Insulator
T182.jpg,Insulator
T180.jpg,Insulator
T180.jpg,Insulator
T180.jpg,Insulator
T180.jpg,Pole
T18.jpg,Insulator
T18.jpg,Insulator
T18.jpg,Insulator
T18.jpg,Pole
T18.jpg,Insulator
T18.jpg,Insulator
T18.jpg,Insulator
T181.jpg,Insulator
T181.jpg,Insulator
T181.jpg,Insulator
T181.jpg,Insulator
T181.jpg,Insulator
T181.jpg,Insulator
T181.jpg,Pole
T183.jpg,Insulator
T183.jpg,Insulator
T183.jpg,Pole
T187.jpg,Pole
T185.jpg,Insulator
T185.jpg,Insulator
T185.jpg,Insulator
T185.jpg,Insulator
T185.jpg,Insulator
T185.jpg,Insulator
T185.jpg,Insulator
T185.jpg,Insulator
T185.jpg,Insulator
T185.jpg,Insulator
T185.jpg,Insulator
T186.jpg,Insulator
T186.jpg,Pole
T184.jpg,Insulator
T184.jpg,Insulator
T184.jpg,Insulator
T184.jpg,Insulator
T184.jpg,Insulator
T184.jpg,Insulator
T184.jpg,Insulator
T184.jpg,Pole
T184.jpg,Insulator
T184.jpg,Insulator
T184.jpg,Insulator
T184.jpg,Insulator
T19.jpg,Insulator
T19.jpg,Insulator
T19.jpg,Insulator
T19.jpg,Insulator
T19.jpg,Insulator
T19.jpg,Insulator
T19.jpg,Light
T19.jpg,Pole
T191.jpg,Insulator
T191.jpg,Pole
T188.jpg,Insulator
T188.jpg,Insulator
T188.jpg,Insulator
T188.jpg,Insulator
T188.jpg,Insulator
T188.jpg,Insulator
T188.jpg,Insulator
T188.jpg,Insulator
T188.jpg,Insulator
T188.jpg,Pole
T190.jpg,Insulator
T190.jpg,Insulator
T190.jpg,Pole
T189.jpg,Insulator
T189.jpg,Insulator
T189.jpg,Pole
T193.jpg,Pole
T194.jpg,Insulator
T194.jpg,Insulator
T194.jpg,Insulator
T194.jpg,Pole
T192.jpg,Pole
T195.jpg,Insulator
T195.jpg,Insulator
T195.jpg,Insulator
T195.jpg,Pole
T196.jpg,Pole
T199.jpg,Insulator
T199.jpg,Insulator
T199.jpg,Insulator
T199.jpg,Pole
T197.jpg,Insulator
T197.jpg,Insulator
T197.jpg,Insulator
T197.jpg,Pole
T2.jpg,Pole
T2.jpg,Insulator
T2.jpg,Insulator
T2.jpg,Pole
T198.jpg,Pole
T20.jpg,Insulator
T20.jpg,Insulator
T20.jpg,Insulator
T20.jpg,Pole
T20.jpg,Pole
T203.jpg,Insulator
T203.jpg,Insulator
T203.jpg,Insulator
T203.jpg,Insulator
T203.jpg,Insulator
T203.jpg,Insulator
T203.jpg,Insulator
T203.jpg,Insulator
T203.jpg,Insulator
T203.jpg,Insulator
T203.jpg,Insulator
T203.jpg,Insulator
T203.jpg,Insulator
T203.jpg,Insulator
T203.jpg,Pole
T202.jpg,Insulator
T202.jpg,Insulator
T202.jpg,Insulator
T202.jpg,Insulator
T202.jpg,Insulator
T202.jpg,Insulator
T202.jpg,Insulator
T202.jpg,Insulator
T202.jpg,Insulator
T202.jpg,Insulator
T202.jpg,Insulator
T202.jpg,Insulator
T202.jpg,Insulator
T202.jpg,Insulator
T202.jpg,Pole
T204.jpg,Insulator
T204.jpg,Insulator
T204.jpg,Pole
T200.jpg,Pole
T201.jpg,Pole
T206.jpg,Pole
T206.jpg,Insulator
T205.jpg,Insulator
T205.jpg,Insulator
T205.jpg,Insulator
T205.jpg,Insulator
T205.jpg,Insulator
T205.jpg,Insulator
T205.jpg,Insulator
T205.jpg,Insulator
T205.jpg,Insulator
T205.jpg,Insulator
T205.jpg,Insulator
T205.jpg,Insulator
T205.jpg,Insulator
T205.jpg,Insulator
T205.jpg,Insulator
T205.jpg,Pole
T208.jpg,Insulator
T208.jpg,Insulator
T208.jpg,Insulator
T208.jpg,Insulator
T208.jpg,Insulator
T208.jpg,Insulator
T208.jpg,Insulator
T208.jpg,Insulator
T208.jpg,Pole
T209.jpg,Insulator
T209.jpg,Pole
T207.jpg,Pole
T21.jpg,Pole
T210.jpg,Insulator
T210.jpg,Insulator
T210.jpg,Insulator
T210.jpg,Insulator
T210.jpg,Insulator
T210.jpg,Insulator
T210.jpg,Insulator
T210.jpg,Insulator
T210.jpg,Pole
T210.jpg,Insulator
T212.jpg,Pole
T211.jpg,Insulator
T211.jpg,Insulator
T211.jpg,Insulator
T211.jpg,Insulator
T211.jpg,Insulator
T211.jpg,Insulator
T211.jpg,Insulator
T211.jpg,Insulator
T211.jpg,Pole
T213.jpg,Pole
T217.jpg,Pole
T214.jpg,Insulator
T214.jpg,Insulator
T214.jpg,Insulator
T214.jpg,Insulator
T214.jpg,Insulator
T214.jpg,Insulator
T214.jpg,Insulator
T214.jpg,Insulator
T214.jpg,Insulator
T214.jpg,Pole
T218.jpg,Insulator
T218.jpg,Insulator
T218.jpg,Insulator
T218.jpg,Insulator
T218.jpg,Insulator
T218.jpg,Pole
T215.jpg,Insulator
T215.jpg,Insulator
T215.jpg,Insulator
T215.jpg,Pole
T22.jpg,Insulator
T22.jpg,Insulator
T22.jpg,Insulator
T22.jpg,Pole
T22.jpg,Pole
T221.jpg,Insulator
T221.jpg,Insulator
T221.jpg,Insulator
T221.jpg,Insulator
T221.jpg,Insulator
T221.jpg,Insulator
T221.jpg,Insulator
T221.jpg,Insulator
T221.jpg,Insulator
T221.jpg,Insulator
T221.jpg,Insulator
T221.jpg,Pole
T220.jpg,Insulator
T220.jpg,Insulator
T220.jpg,Insulator
T220.jpg,Insulator
T220.jpg,Insulator
T220.jpg,Pole
T222.jpg,Insulator
T222.jpg,Insulator
T222.jpg,Insulator
T222.jpg,Insulator
T222.jpg,Insulator
T222.jpg,Insulator
T222.jpg,Insulator
T222.jpg,Pole
T219.jpg,Insulator
T219.jpg,Pole
T224.jpg,Insulator
T224.jpg,Insulator
T224.jpg,Insulator
T224.jpg,Pole
T225.jpg,Light
T225.jpg,Insulator
T225.jpg,Pole
T226.jpg,Insulator
T226.jpg,Insulator
T226.jpg,Insulator
T226.jpg,Pole
T227.jpg,Light
T227.jpg,Pole
T223.jpg,Pole
T231.jpg,Pole
T229.jpg,Light
T229.jpg,Insulator
T229.jpg,Insulator
T229.jpg,Insulator
T229.jpg,Pole
T23.jpg,Pole
T230.jpg,Pole
T228.jpg,Insulator
T228.jpg,Insulator
T228.jpg,Insulator
T228.jpg,Insulator
T228.jpg,Insulator
T228.jpg,Insulator
T228.jpg,Insulator
T228.jpg,Insulator
T228.jpg,Pole
T228.jpg,Insulator
T236.jpg,Insulator
T236.jpg,Insulator
T236.jpg,Pole
T233.jpg,Insulator
T233.jpg,Insulator
T233.jpg,Insulator
T233.jpg,Pole
T235.jpg,Pole
T235.jpg,Insulator
T235.jpg,Insulator
T235.jpg,Insulator
T234.jpg,Pole
T232.jpg,Insulator
T232.jpg,Insulator
T232.jpg,Insulator
T232.jpg,Pole
T232.jpg,Pole
T24.jpg,Pole
T24.jpg,Pole
T239.jpg,Insulator
T239.jpg,Pole
T238.jpg,Insulator
T238.jpg,Insulator
T238.jpg,Insulator
T238.jpg,Pole
T237.jpg,Pole
T237.jpg,Pole
T240.jpg,Pole
T240.jpg,Pole
T245.jpg,Pole
T242.jpg,Insulator
T242.jpg,Insulator
T242.jpg,Insulator
T242.jpg,Pole
T241.jpg,Insulator
T241.jpg,Insulator
T241.jpg,Insulator
T241.jpg,Insulator
T241.jpg,Insulator
T241.jpg,Insulator
T241.jpg,Insulator
T241.jpg,Insulator
T241.jpg,Insulator
T241.jpg,Insulator
T241.jpg,Pole
T244.jpg,Pole
T243.jpg,Pole
T243.jpg,Pole
T246.jpg,Insulator
T246.jpg,Pole
T249.jpg,Insulator
T249.jpg,Insulator
T249.jpg,Insulator
T249.jpg,Insulator
T249.jpg,Insulator
T249.jpg,Insulator
T249.jpg,Pole
T249.jpg,Insulator
T249.jpg,Insulator
T249.jpg,Insulator
T248.jpg,Pole
T247.jpg,Insulator
T247.jpg,Pole
T25.jpg,Insulator
T25.jpg,Insulator
T25.jpg,Insulator
T25.jpg,Pole
T254.jpg,Insulator
T254.jpg,Insulator
T254.jpg,Insulator
T254.jpg,Insulator
T254.jpg,Pole
T252.jpg,Insulator
T252.jpg,Insulator
T252.jpg,Insulator
T252.jpg,Insulator
T252.jpg,Insulator
T252.jpg,Insulator
T252.jpg,Pole
T252.jpg,Insulator
T252.jpg,Insulator
T252.jpg,Insulator
T250.jpg,Insulator
T250.jpg,Insulator
T250.jpg,Insulator
T250.jpg,Insulator
T250.jpg,Insulator
T250.jpg,Insulator
T250.jpg,Insulator
T250.jpg,Insulator
T250.jpg,Insulator
T250.jpg,Pole
T253.jpg,Insulator
T253.jpg,Insulator
T253.jpg,Pole
T251.jpg,Pole
T251.jpg,Insulator
T251.jpg,Insulator
T259.jpg,Insulator
T259.jpg,Insulator
T259.jpg,Insulator
T259.jpg,Pole
T256.jpg,Insulator
T256.jpg,Insulator
T256.jpg,Insulator
T256.jpg,Insulator
T256.jpg,Insulator
T256.jpg,Insulator
T256.jpg,Insulator
T256.jpg,Insulator
T256.jpg,Insulator
T256.jpg,Insulator
T256.jpg,Pole
T257.jpg,Pole
T255.jpg,Pole
T258.jpg,Pole
T262.jpg,Light
T262.jpg,Insulator
T262.jpg,Insulator
T262.jpg,Insulator
T262.jpg,Insulator
T262.jpg,Insulator
T262.jpg,Insulator
T262.jpg,Insulator
T262.jpg,Insulator
T262.jpg,Insulator
T262.jpg,Insulator
T262.jpg,Insulator
T262.jpg,Insulator
T262.jpg,Pole
T262.jpg,Insulator
T262.jpg,Insulator
T260.jpg,Light
T260.jpg,Pole
T263.jpg,Insulator
T263.jpg,Insulator
T263.jpg,Insulator
T263.jpg,Insulator
T263.jpg,Insulator
T263.jpg,Insulator
T263.jpg,Insulator
T263.jpg,Insulator
T263.jpg,Insulator
T263.jpg,Insulator
T263.jpg,Insulator
T263.jpg,Insulator
T263.jpg,Insulator
T263.jpg,Insulator
T263.jpg,Insulator
T263.jpg,Pole
T261.jpg,Insulator
T261.jpg,Insulator
T261.jpg,Insulator
T261.jpg,Insulator
T261.jpg,Insulator
T261.jpg,Insulator
T261.jpg,Pole
T261.jpg,Insulator
T261.jpg,Insulator
T26.jpg,Light
T26.jpg,Pole
T26.jpg,Pole
T264.jpg,Insulator
T264.jpg,Insulator
T264.jpg,Insulator
T264.jpg,Insulator
T264.jpg,Insulator
T264.jpg,Insulator
T264.jpg,Insulator
T264.jpg,Insulator
T264.jpg,Insulator
T264.jpg,Insulator
T264.jpg,Insulator
T264.jpg,Insulator
T264.jpg,Insulator
T264.jpg,Insulator
T264.jpg,Insulator
T264.jpg,Pole
T268.jpg,Insulator
T268.jpg,Insulator
T268.jpg,Insulator
T268.jpg,Insulator
T268.jpg,Insulator
T268.jpg,Insulator
T268.jpg,Pole
T267.jpg,Pole
T266.jpg,Pole
T266.jpg,Insulator
T266.jpg,Insulator
T266.jpg,Insulator
T266.jpg,Insulator
T266.jpg,Insulator
T265.jpg,Insulator
T265.jpg,Pole
T271.jpg,Insulator
T271.jpg,Insulator
T271.jpg,Pole
T272.jpg,Insulator
T272.jpg,Insulator
T272.jpg,Insulator
T272.jpg,Insulator
T272.jpg,Insulator
T272.jpg,Insulator
T272.jpg,Pole
T269.jpg,Insulator
T269.jpg,Insulator
T269.jpg,Insulator
T269.jpg,Insulator
T269.jpg,Insulator
T269.jpg,Insulator
T269.jpg,Pole
T270.jpg,Insulator
T270.jpg,Insulator
T270.jpg,Insulator
T270.jpg,Insulator
T270.jpg,Insulator
T270.jpg,Insulator
T270.jpg,Insulator
T270.jpg,Insulator
T270.jpg,Pole
T27.jpg,Insulator
T27.jpg,Insulator
T27.jpg,Insulator
T27.jpg,Insulator
T27.jpg,Insulator
T27.jpg,Insulator
T27.jpg,Insulator
T27.jpg,Light
T27.jpg,Insulator
T27.jpg,Insulator
T27.jpg,Insulator
T27.jpg,Insulator
T27.jpg,Insulator
T27.jpg,Insulator
T27.jpg,Pole
T27.jpg,Insulator
T277.jpg,Pole
T277.jpg,Insulator
T275.jpg,Pole
T275.jpg,Insulator
T273.jpg,Insulator
T273.jpg,Insulator
T273.jpg,Pole
T274.jpg,Light
T274.jpg,Pole
T276.jpg,Pole
T281.jpg,Pole
T281.jpg,Insulator
T278.jpg,Pole
T278.jpg,Insulator
T278.jpg,Insulator
T278.jpg,Insulator
T278.jpg,Light
T280.jpg,Light
T280.jpg,Insulator
T280.jpg,Insulator
T280.jpg,Insulator
T280.jpg,Pole
T279.jpg,Insulator
T279.jpg,Insulator
T279.jpg,Pole
T28.jpg,Light
T28.jpg,Insulator
T28.jpg,Insulator
T28.jpg,Insulator
T28.jpg,Insulator
T28.jpg,Pole
T28.jpg,Insulator
T28.jpg,Insulator
T28.jpg,Pole
